Name: CHE Country data,,,,,,,,,
Date: 2021-11-17 20:26:05.263981,,,,,,,,,
Author: Marc Jaxa-Rozen,,,,,,,,,
,,,,,,,,,
Country,Entity,Parameter,Year,Period,Value,Unit,Reference,Priority,Note
CHE,CountryData,BaseDem_central,1990,,2560.8,MW,Assumption: 30% of peak,,
CHE,CountryData,BaseDem_central,1991,,2596.5,MW,Assumption: 30% of peak,,
CHE,CountryData,BaseDem_central,1992,,2543.7,MW,Assumption: 30% of peak,,
CHE,CountryData,BaseDem_central,1993,,2568.9,MW,Assumption: 30% of peak,,
CHE,CountryData,BaseDem_central,1994,,2523,MW,Assumption: 30% of peak,,
CHE,CountryData,BaseDem_central,1995,,2590.2,MW,Assumption: 30% of peak,,
CHE,CountryData,BaseDem_central,1996,,2535.6,MW,Assumption: 30% of peak,,
CHE,CountryData,BaseDem_central,1997,,2573.1,MW,Assumption: 30% of peak,,
CHE,CountryData,BaseDem_central,1998,,2637.9,MW,Assumption: 30% of peak,,
CHE,CountryData,BaseDem_central,1999,,2729.7,MW,Assumption: 30% of peak,,
CHE,CountryData,BaseDem_central,2000,,2708.1,MW,Assumption: 30% of peak,,
CHE,CountryData,BaseDem_central,2001,,2820,MW,Assumption: 30% of peak,,
CHE,CountryData,BaseDem_central,2002,,2880.3,MW,Assumption: 30% of peak,,
CHE,CountryData,BaseDem_central,2003,,2877.6,MW,Assumption: 30% of peak,,
CHE,CountryData,BaseDem_central,2004,,2896.8,MW,Assumption: 30% of peak,,
CHE,CountryData,BaseDem_central,2005,,2934.9,MW,Assumption: 30% of peak,,
CHE,CountryData,BaseDem_central,2006,,3054.3,MW,Assumption: 30% of peak,,
CHE,CountryData,BaseDem_central,2007,,3013.5,MW,Assumption: 30% of peak,,
CHE,CountryData,BaseDem_central,2008,,3098,MW,ENTSOE annual statistics,,
CHE,CountryData,BaseDem_central,2009,,3016,MW,ENTSOE annual statistics,,
CHE,CountryData,BaseDem_central,2010,,3258,MW,ENTSOE annual statistics,,
CHE,CountryData,BaseDem_central,2011,,2865,MW,ENTSOE annual statistics,,
CHE,CountryData,BaseDem_central,2012,,2851,MW,ENTSOE annual statistics,,
CHE,CountryData,BaseDem_central,2013,,2453,MW,ENTSOE annual statistics,,
CHE,CountryData,BaseDem_central,2014,,2843,MW,ENTSOE annual statistics,,
CHE,CountryData,BaseDem_central,2015,,2843,MW,ENTSOE annual statistics,,
CHE,CountryData,BaseDem_central,2016,,4357,MW,ENTSOE annual statistics,,
CHE,CountryData,BaseDem_central,2017,,4197,MW,ENTSOE annual statistics,,
CHE,CountryData,BaseDem_central,2018,,4252,MW,ENTSOE annual statistics,,
CHE,CountryData,BaseDem_central,2019,,3722,MW,ENTSOE annual statistics,,
CHE,CountryData,Capacity_margin,1990,,0.2,,Assumption,,
CHE,CountryData,Capacity_margin,1991,,0.2,,Assumption,,
CHE,CountryData,Capacity_margin,1992,,0.2,,Assumption,,
CHE,CountryData,Capacity_margin,1993,,0.2,,Assumption,,
CHE,CountryData,Capacity_margin,1994,,0.2,,Assumption,,
CHE,CountryData,Capacity_margin,1995,,0.2,,Assumption,,
CHE,CountryData,Capacity_margin,1996,,0.2,,Assumption,,
CHE,CountryData,Capacity_margin,1997,,0.2,,Assumption,,
CHE,CountryData,Capacity_margin,1998,,0.2,,Assumption,,
CHE,CountryData,Capacity_margin,1999,,0.2,,Assumption,,
CHE,CountryData,Capacity_margin,2000,,0.2,,Assumption,,
CHE,CountryData,Capacity_margin,2001,,0.2,,Assumption,,
CHE,CountryData,Capacity_margin,2002,,0.2,,Assumption,,
CHE,CountryData,Capacity_margin,2003,,0.2,,Assumption,,
CHE,CountryData,Capacity_margin,2004,,0.2,,Assumption,,
CHE,CountryData,Capacity_margin,2005,,0.2,,Assumption,,
CHE,CountryData,Capacity_margin,2006,,0.2,,Assumption,,
CHE,CountryData,Capacity_margin,2007,,0.2,,Assumption,,
CHE,CountryData,Capacity_margin,2008,,0.2,,Assumption,,
CHE,CountryData,Capacity_margin,2009,,0.2,,Assumption,,
CHE,CountryData,Capacity_margin,2010,,0.2,,Assumption,,
CHE,CountryData,Capacity_margin,2011,,0.2,,Assumption,,
CHE,CountryData,Capacity_margin,2012,,0.2,,Assumption,,
CHE,CountryData,Capacity_margin,2013,,0.2,,Assumption,,
CHE,CountryData,Capacity_margin,2014,,0.2,,Assumption,,
CHE,CountryData,Capacity_margin,2015,,0.2,,Assumption,,
CHE,CountryData,Capacity_margin,2016,,0.2,,Assumption,,
CHE,CountryData,Capacity_margin,2017,,0.2,,Assumption,,
CHE,CountryData,Capacity_margin,2018,,0.2,,Assumption,,
CHE,CountryData,Capacity_margin,2019,,0.2,,Assumption,,
CHE,CountryData,Discount_rate_uniform,1990,,0.035,,Assumption,,
CHE,CountryData,Discount_rate_uniform,1991,,0.035,,Assumption,,
CHE,CountryData,Discount_rate_uniform,1992,,0.035,,Assumption,,
CHE,CountryData,Discount_rate_uniform,1993,,0.035,,Assumption,,
CHE,CountryData,Discount_rate_uniform,1994,,0.035,,Assumption,,
CHE,CountryData,Discount_rate_uniform,1995,,0.035,,Assumption,,
CHE,CountryData,Discount_rate_uniform,1996,,0.035,,Assumption,,
CHE,CountryData,Discount_rate_uniform,1997,,0.035,,Assumption,,
CHE,CountryData,Discount_rate_uniform,1998,,0.035,,Assumption,,
CHE,CountryData,Discount_rate_uniform,1999,,0.035,,Assumption,,
CHE,CountryData,Discount_rate_uniform,2000,,0.035,,Assumption,,
CHE,CountryData,Discount_rate_uniform,2001,,0.035,,Assumption,,
CHE,CountryData,Discount_rate_uniform,2002,,0.035,,Assumption,,
CHE,CountryData,Discount_rate_uniform,2003,,0.035,,Assumption,,
CHE,CountryData,Discount_rate_uniform,2004,,0.035,,Assumption,,
CHE,CountryData,Discount_rate_uniform,2005,,0.035,,Assumption,,
CHE,CountryData,Discount_rate_uniform,2006,,0.035,,Assumption,,
CHE,CountryData,Discount_rate_uniform,2007,,0.035,,Assumption,,
CHE,CountryData,Discount_rate_uniform,2008,,0.035,,Assumption,,
CHE,CountryData,Discount_rate_uniform,2009,,0.035,,Assumption,,
CHE,CountryData,Discount_rate_uniform,2010,,0.035,,Assumption,,
CHE,CountryData,Discount_rate_uniform,2011,,0.035,,Assumption,,
CHE,CountryData,Discount_rate_uniform,2012,,0.035,,Assumption,,
CHE,CountryData,Discount_rate_uniform,2013,,0.035,,Assumption,,
CHE,CountryData,Discount_rate_uniform,2014,,0.035,,Assumption,,
CHE,CountryData,Discount_rate_uniform,2015,,0.035,,Assumption,,
CHE,CountryData,Discount_rate_uniform,2016,,0.035,,Assumption,,
CHE,CountryData,Discount_rate_uniform,2017,,0.035,,Assumption,,
CHE,CountryData,Discount_rate_uniform,2018,,0.035,,Assumption,,
CHE,CountryData,Discount_rate_uniform,2019,,0.035,,Assumption,,
CHE,CountryData,ElSupplied_annual_central,1990,,51966,GWh,"Bundesamt fur Energie BFE, Schweizerische Gesamtenergiestatistik 2020",,"Table 24, gross production plus net imports. Gross production seems to match IEA net values...check definitions"
CHE,CountryData,ElSupplied_annual_central,1991,,53282,GWh,"Bundesamt fur Energie BFE, Schweizerische Gesamtenergiestatistik 2020",,"Table 24, gross production plus net imports. Gross production seems to match IEA net values...check definitions"
CHE,CountryData,ElSupplied_annual_central,1992,,53059,GWh,"Bundesamt fur Energie BFE, Schweizerische Gesamtenergiestatistik 2020",,"Table 24, gross production plus net imports. Gross production seems to match IEA net values...check definitions"
CHE,CountryData,ElSupplied_annual_central,1993,,52114,GWh,"Bundesamt fur Energie BFE, Schweizerische Gesamtenergiestatistik 2020",,"Table 24, gross production plus net imports. Gross production seems to match IEA net values...check definitions"
CHE,CountryData,ElSupplied_annual_central,1994,,51818,GWh,"Bundesamt fur Energie BFE, Schweizerische Gesamtenergiestatistik 2020",,"Table 24, gross production plus net imports. Gross production seems to match IEA net values...check definitions"
CHE,CountryData,ElSupplied_annual_central,1995,,53087,GWh,"Bundesamt fur Energie BFE, Schweizerische Gesamtenergiestatistik 2020",,"Table 24, gross production plus net imports. Gross production seems to match IEA net values...check definitions"
CHE,CountryData,ElSupplied_annual_central,1996,,54174,GWh,"Bundesamt fur Energie BFE, Schweizerische Gesamtenergiestatistik 2020",,"Table 24, gross production plus net imports. Gross production seems to match IEA net values...check definitions"
CHE,CountryData,ElSupplied_annual_central,1997,,53846,GWh,"Bundesamt fur Energie BFE, Schweizerische Gesamtenergiestatistik 2020",,"Table 24, gross production plus net imports. Gross production seems to match IEA net values...check definitions"
CHE,CountryData,ElSupplied_annual_central,1998,,54994,GWh,"Bundesamt fur Energie BFE, Schweizerische Gesamtenergiestatistik 2020",,"Table 24, gross production plus net imports. Gross production seems to match IEA net values...check definitions"
CHE,CountryData,ElSupplied_annual_central,1999,,56464,GWh,"Bundesamt fur Energie BFE, Schweizerische Gesamtenergiestatistik 2020",,"Table 24, gross production plus net imports. Gross production seems to match IEA net values...check definitions"
CHE,CountryData,ElSupplied_annual_central,2000,,58278,GWh,"Bundesamt fur Energie BFE, Schweizerische Gesamtenergiestatistik 2020",,"Table 24, gross production plus net imports. Gross production seems to match IEA net values...check definitions"
CHE,CountryData,ElSupplied_annual_central,2001,,59730,GWh,"Bundesamt fur Energie BFE, Schweizerische Gesamtenergiestatistik 2020",,"Table 24, gross production plus net imports. Gross production seems to match IEA net values...check definitions"
CHE,CountryData,ElSupplied_annual_central,2002,,60503,GWh,"Bundesamt fur Energie BFE, Schweizerische Gesamtenergiestatistik 2020",,"Table 24, gross production plus net imports. Gross production seems to match IEA net values...check definitions"
CHE,CountryData,ElSupplied_annual_central,2003,,62154,GWh,"Bundesamt fur Energie BFE, Schweizerische Gesamtenergiestatistik 2020",,"Table 24, gross production plus net imports. Gross production seems to match IEA net values...check definitions"
CHE,CountryData,ElSupplied_annual_central,2004,,62820,GWh,"Bundesamt fur Energie BFE, Schweizerische Gesamtenergiestatistik 2020",,"Table 24, gross production plus net imports. Gross production seems to match IEA net values...check definitions"
CHE,CountryData,ElSupplied_annual_central,2005,,64268,GWh,"Bundesamt fur Energie BFE, Schweizerische Gesamtenergiestatistik 2020",,"Table 24, gross production plus net imports. Gross production seems to match IEA net values...check definitions"
CHE,CountryData,ElSupplied_annual_central,2006,,64844,GWh,"Bundesamt fur Energie BFE, Schweizerische Gesamtenergiestatistik 2020",,"Table 24, gross production plus net imports. Gross production seems to match IEA net values...check definitions"
CHE,CountryData,ElSupplied_annual_central,2007,,63854,GWh,"Bundesamt fur Energie BFE, Schweizerische Gesamtenergiestatistik 2020",,"Table 24, gross production plus net imports. Gross production seems to match IEA net values...check definitions"
CHE,CountryData,ElSupplied_annual_central,2008,,65832,GWh,"Bundesamt fur Energie BFE, Schweizerische Gesamtenergiestatistik 2020",,"Table 24, gross production plus net imports. Gross production seems to match IEA net values...check definitions"
CHE,CountryData,ElSupplied_annual_central,2009,,64337,GWh,"Bundesamt fur Energie BFE, Schweizerische Gesamtenergiestatistik 2020",,"Table 24, gross production plus net imports. Gross production seems to match IEA net values...check definitions"
CHE,CountryData,ElSupplied_annual_central,2010,,66772,GWh,"Bundesamt fur Energie BFE, Schweizerische Gesamtenergiestatistik 2020",,"Table 24, gross production plus net imports. Gross production seems to match IEA net values...check definitions"
CHE,CountryData,ElSupplied_annual_central,2011,,65468,GWh,"Bundesamt fur Energie BFE, Schweizerische Gesamtenergiestatistik 2020",,"Table 24, gross production plus net imports. Gross production seems to match IEA net values...check definitions"
CHE,CountryData,ElSupplied_annual_central,2012,,65819,GWh,"Bundesamt fur Energie BFE, Schweizerische Gesamtenergiestatistik 2020",,"Table 24, gross production plus net imports. Gross production seems to match IEA net values...check definitions"
CHE,CountryData,ElSupplied_annual_central,2013,,65916,GWh,"Bundesamt fur Energie BFE, Schweizerische Gesamtenergiestatistik 2020",,"Table 24, gross production plus net imports. Gross production seems to match IEA net values...check definitions"
CHE,CountryData,ElSupplied_annual_central,2014,,64142,GWh,"Bundesamt fur Energie BFE, Schweizerische Gesamtenergiestatistik 2020",,"Table 24, gross production plus net imports. Gross production seems to match IEA net values...check definitions"
CHE,CountryData,ElSupplied_annual_central,2015,,64922,GWh,"Bundesamt fur Energie BFE, Schweizerische Gesamtenergiestatistik 2020",,"Table 24, gross production plus net imports. Gross production seems to match IEA net values...check definitions"
CHE,CountryData,ElSupplied_annual_central,2016,,65539,GWh,"Bundesamt fur Energie BFE, Schweizerische Gesamtenergiestatistik 2020",,"Table 24, gross production plus net imports. Gross production seems to match IEA net values...check definitions"
CHE,CountryData,ElSupplied_annual_central,2017,,67037,GWh,"Bundesamt fur Energie BFE, Schweizerische Gesamtenergiestatistik 2020",,"Table 24, gross production plus net imports. Gross production seems to match IEA net values...check definitions"
CHE,CountryData,ElSupplied_annual_central,2018,,65971,GWh,"Bundesamt fur Energie BFE, Schweizerische Gesamtenergiestatistik 2020",,"Table 24, gross production plus net imports. Gross production seems to match IEA net values...check definitions"
CHE,CountryData,ElSupplied_annual_central,2019,,65634,GWh,"Bundesamt fur Energie BFE, Schweizerische Gesamtenergiestatistik 2020",,"Table 24, gross production plus net imports. Gross production seems to match IEA net values...check definitions"
CHE,CountryData,Elasticity_factor,1990,,-0.25,,Assumption,,
CHE,CountryData,Elasticity_factor,1991,,-0.25,,Assumption,,
CHE,CountryData,Elasticity_factor,1992,,-0.25,,Assumption,,
CHE,CountryData,Elasticity_factor,1993,,-0.25,,Assumption,,
CHE,CountryData,Elasticity_factor,1994,,-0.25,,Assumption,,
CHE,CountryData,Elasticity_factor,1995,,-0.25,,Assumption,,
CHE,CountryData,Elasticity_factor,1996,,-0.25,,Assumption,,
CHE,CountryData,Elasticity_factor,1997,,-0.25,,Assumption,,
CHE,CountryData,Elasticity_factor,1998,,-0.25,,Assumption,,
CHE,CountryData,Elasticity_factor,1999,,-0.25,,Assumption,,
CHE,CountryData,Elasticity_factor,2000,,-0.25,,Assumption,,
CHE,CountryData,Elasticity_factor,2001,,-0.25,,Assumption,,
CHE,CountryData,Elasticity_factor,2002,,-0.25,,Assumption,,
CHE,CountryData,Elasticity_factor,2003,,-0.25,,Assumption,,
CHE,CountryData,Elasticity_factor,2004,,-0.25,,Assumption,,
CHE,CountryData,Elasticity_factor,2005,,-0.25,,Assumption,,
CHE,CountryData,Elasticity_factor,2006,,-0.25,,Assumption,,
CHE,CountryData,Elasticity_factor,2007,,-0.25,,Assumption,,
CHE,CountryData,Elasticity_factor,2008,,-0.25,,Assumption,,
CHE,CountryData,Elasticity_factor,2009,,-0.25,,Assumption,,
CHE,CountryData,Elasticity_factor,2010,,-0.25,,Assumption,,
CHE,CountryData,Elasticity_factor,2011,,-0.25,,Assumption,,
CHE,CountryData,Elasticity_factor,2012,,-0.25,,Assumption,,
CHE,CountryData,Elasticity_factor,2013,,-0.25,,Assumption,,
CHE,CountryData,Elasticity_factor,2014,,-0.25,,Assumption,,
CHE,CountryData,Elasticity_factor,2015,,-0.25,,Assumption,,
CHE,CountryData,Elasticity_factor,2016,,-0.25,,Assumption,,
CHE,CountryData,Elasticity_factor,2017,,-0.25,,Assumption,,
CHE,CountryData,Elasticity_factor,2018,,-0.25,,Assumption,,
CHE,CountryData,Elasticity_factor,2019,,-0.25,,Assumption,,
CHE,CountryData,Electricity_intensity,1990,,0.006939511,GWh/person,Calculated,,
CHE,CountryData,Electricity_intensity,1991,,0.006997941,GWh/person,Calculated,,
CHE,CountryData,Electricity_intensity,1992,,0.006962327,GWh/person,Calculated,,
CHE,CountryData,Electricity_intensity,1993,,0.006808735,GWh/person,Calculated,,
CHE,CountryData,Electricity_intensity,1994,,0.006705319,GWh/person,Calculated,,
CHE,CountryData,Electricity_intensity,1995,,0.006800454,GWh/person,Calculated,,
CHE,CountryData,Electricity_intensity,1996,,0.006885181,GWh/person,Calculated,,
CHE,CountryData,Electricity_intensity,1997,,0.006857385,GWh/person,Calculated,,
CHE,CountryData,Electricity_intensity,1998,,0.006978903,GWh/person,Calculated,,
CHE,CountryData,Electricity_intensity,1999,,0.007168673,GWh/person,Calculated,,
CHE,CountryData,Electricity_intensity,2000,,0.007290228,GWh/person,Calculated,,
CHE,CountryData,Electricity_intensity,2001,,0.007437249,GWh/person,Calculated,,
CHE,CountryData,Electricity_intensity,2002,,0.007416472,GWh/person,Calculated,,
CHE,CountryData,Electricity_intensity,2003,,0.007510833,GWh/person,Calculated,,
CHE,CountryData,Electricity_intensity,2004,,0.007600947,GWh/person,Calculated,,
CHE,CountryData,Electricity_intensity,2005,,0.007708754,GWh/person,Calculated,,
CHE,CountryData,Electricity_intensity,2006,,0.007720738,GWh/person,Calculated,,
CHE,CountryData,Electricity_intensity,2007,,0.00760588,GWh/person,Calculated,,
CHE,CountryData,Electricity_intensity,2008,,0.007679001,GWh/person,Calculated,,
CHE,CountryData,Electricity_intensity,2009,,0.007424329,GWh/person,Calculated,,
CHE,CountryData,Electricity_intensity,2010,,0.007640256,GWh/person,Calculated,,
CHE,CountryData,Electricity_intensity,2011,,0.007406345,GWh/person,Calculated,,
CHE,CountryData,Electricity_intensity,2012,,0.00737439,GWh/person,Calculated,,
CHE,CountryData,Electricity_intensity,2013,,0.007333787,GWh/person,Calculated,,
CHE,CountryData,Electricity_intensity,2014,,0.007017462,GWh/person,Calculated,,
CHE,CountryData,Electricity_intensity,2015,,0.007032842,GWh/person,Calculated,,
CHE,CountryData,Electricity_intensity,2016,,0.006955571,GWh/person,Calculated,,
CHE,CountryData,Electricity_intensity,2017,,0.006919427,GWh/person,Calculated,,
CHE,CountryData,Electricity_intensity,2018,,0.006770848,GWh/person,Calculated,,
CHE,CountryData,Electricity_intensity,2019,,0.006670321,GWh/person,Calculated,,
CHE,CountryData,Export_profit,1990,,37.45,EUR1990/MWh,"Minimum of Eurostat DS-018995 trade value or 50% of industrial power price (Eurostat nrg_pc_205_h, band E)",,Chained to 2003 value
CHE,CountryData,Export_profit,1991,,37.45,EUR1991/MWh,"Minimum of Eurostat DS-018995 trade value or 50% of industrial power price (Eurostat nrg_pc_205_h, band E)",,Chained to 2003 value
CHE,CountryData,Export_profit,1992,,38.85,EUR1992/MWh,"Minimum of Eurostat DS-018995 trade value or 50% of industrial power price (Eurostat nrg_pc_205_h, band E)",,Chained to 2003 value
CHE,CountryData,Export_profit,1993,,37.95,EUR1993/MWh,"Minimum of Eurostat DS-018995 trade value or 50% of industrial power price (Eurostat nrg_pc_205_h, band E)",,Chained to 2003 value
CHE,CountryData,Export_profit,1994,,37.4,EUR1994/MWh,"Minimum of Eurostat DS-018995 trade value or 50% of industrial power price (Eurostat nrg_pc_205_h, band E)",,Chained to 2003 value
CHE,CountryData,Export_profit,1995,,36.05,EUR1995/MWh,"Minimum of Eurostat DS-018995 trade value or 50% of industrial power price (Eurostat nrg_pc_205_h, band E)",,Chained to 2003 value
CHE,CountryData,Export_profit,1996,,34.45,EUR1996/MWh,"Minimum of Eurostat DS-018995 trade value or 50% of industrial power price (Eurostat nrg_pc_205_h, band E)",,Chained to 2003 value
CHE,CountryData,Export_profit,1997,,33.95,EUR1997/MWh,"Minimum of Eurostat DS-018995 trade value or 50% of industrial power price (Eurostat nrg_pc_205_h, band E)",,Chained to 2003 value
CHE,CountryData,Export_profit,1998,,33.15,EUR1998/MWh,"Minimum of Eurostat DS-018995 trade value or 50% of industrial power price (Eurostat nrg_pc_205_h, band E)",,Chained to 2003 value
CHE,CountryData,Export_profit,1999,,31.8,EUR1999/MWh,"Minimum of Eurostat DS-018995 trade value or 50% of industrial power price (Eurostat nrg_pc_205_h, band E)",,Chained to 2003 value
CHE,CountryData,Export_profit,2000,,31.25,EUR2000/MWh,"Minimum of Eurostat DS-018995 trade value or 50% of industrial power price (Eurostat nrg_pc_205_h, band E)",,Chained to 2003 value
CHE,CountryData,Export_profit,2001,,32.2,EUR2001/MWh,"Minimum of Eurostat DS-018995 trade value or 50% of industrial power price (Eurostat nrg_pc_205_h, band E)",,Chained to 2003 value
CHE,CountryData,Export_profit,2002,,31,EUR2002/MWh,"Minimum of Eurostat DS-018995 trade value or 50% of industrial power price (Eurostat nrg_pc_205_h, band E)",,Chained to 2003 value
CHE,CountryData,Export_profit,2003,,32.4,EUR2003/MWh,"Minimum of Eurostat DS-018995 trade value or 50% of industrial power price (Eurostat nrg_pc_205_h, band E)",,HS code 271600 (Electrical energy) - trade value divided by amount exported
CHE,CountryData,Export_profit,2004,,31.7,EUR2004/MWh,"Minimum of Eurostat DS-018995 trade value or 50% of industrial power price (Eurostat nrg_pc_205_h, band E)",,HS code 271600 (Electrical energy) - trade value divided by amount exported
CHE,CountryData,Export_profit,2005,,34.1,EUR2005/MWh,"Minimum of Eurostat DS-018995 trade value or 50% of industrial power price (Eurostat nrg_pc_205_h, band E)",,HS code 271600 (Electrical energy) - trade value divided by amount exported
CHE,CountryData,Export_profit,2006,,38.3,EUR2006/MWh,"Minimum of Eurostat DS-018995 trade value or 50% of industrial power price (Eurostat nrg_pc_205_h, band E)",,HS code 271600 (Electrical energy) - trade value divided by amount exported
CHE,CountryData,Export_profit,2007,,41.85,EUR2007/MWh,"Minimum of Eurostat DS-018995 trade value or 50% of industrial power price (Eurostat nrg_pc_205_h, band E)",,HS code 271600 (Electrical energy) - trade value divided by amount exported
CHE,CountryData,Export_profit,2008,,37.1,EUR2008/MWh,"Minimum of Eurostat DS-018995 trade value or 50% of industrial power price (Eurostat nrg_pc_205_h, band E)",,HS code 271600 (Electrical energy) - trade value divided by amount exported
CHE,CountryData,Export_profit,2009,,39.55,EUR2009/MWh,"Minimum of Eurostat DS-018995 trade value or 50% of industrial power price (Eurostat nrg_pc_205_h, band E)",,HS code 271600 (Electrical energy) - trade value divided by amount exported
CHE,CountryData,Export_profit,2010,,38.5,EUR2010/MWh,"Minimum of Eurostat DS-018995 trade value or 50% of industrial power price (Eurostat nrg_pc_205_h, band E)",,HS code 271600 (Electrical energy) - trade value divided by amount exported
CHE,CountryData,Export_profit,2011,,40.55,EUR2011/MWh,"Minimum of Eurostat DS-018995 trade value or 50% of industrial power price (Eurostat nrg_pc_205_h, band E)",,HS code 271600 (Electrical energy) - trade value divided by amount exported
CHE,CountryData,Export_profit,2012,,42.3,EUR2012/MWh,"Minimum of Eurostat DS-018995 trade value or 50% of industrial power price (Eurostat nrg_pc_205_h, band E)",,HS code 271600 (Electrical energy) - trade value divided by amount exported
CHE,CountryData,Export_profit,2013,,40.65,EUR2013/MWh,"Minimum of Eurostat DS-018995 trade value or 50% of industrial power price (Eurostat nrg_pc_205_h, band E)",,HS code 271600 (Electrical energy) - trade value divided by amount exported
CHE,CountryData,Export_profit,2014,,38.6,EUR2014/MWh,"Minimum of Eurostat DS-018995 trade value or 50% of industrial power price (Eurostat nrg_pc_205_h, band E)",,HS code 271600 (Electrical energy) - trade value divided by amount exported
CHE,CountryData,Export_profit,2015,,36.9,EUR2015/MWh,"Minimum of Eurostat DS-018995 trade value or 50% of industrial power price (Eurostat nrg_pc_205_h, band E)",,HS code 271600 (Electrical energy) - trade value divided by amount exported
CHE,CountryData,Export_profit,2016,,34.5,EUR2016/MWh,"Minimum of Eurostat DS-018995 trade value or 50% of industrial power price (Eurostat nrg_pc_205_h, band E)",,HS code 271600 (Electrical energy) - trade value divided by amount exported
CHE,CountryData,Export_profit,2017,,33.1,EUR2017/MWh,"Minimum of Eurostat DS-018995 trade value or 50% of industrial power price (Eurostat nrg_pc_205_h, band E)",,HS code 271600 (Electrical energy) - trade value divided by amount exported
CHE,CountryData,Export_profit,2018,,33.65,EUR2018/MWh,"Minimum of Eurostat DS-018995 trade value or 50% of industrial power price (Eurostat nrg_pc_205_h, band E)",,HS code 271600 (Electrical energy) - trade value divided by amount exported
CHE,CountryData,Export_profit,2019,,37.3,EUR2019/MWh,"Minimum of Eurostat DS-018995 trade value or 50% of industrial power price (Eurostat nrg_pc_205_h, band E)",,HS code 271600 (Electrical energy) - trade value divided by amount exported
CHE,CountryData,GDP_per_capita,1990,,68865.46484,CHF 2'010,"Bundesamt fur Energie BFE, Schweizerische Gesamtenergiestatistik 2020",,Table 43a
CHE,CountryData,GDP_per_capita,1991,,67351.61765,CHF 2'010,"Bundesamt fur Energie BFE, Schweizerische Gesamtenergiestatistik 2020",,Table 43a
CHE,CountryData,GDP_per_capita,1992,,66587.78182,CHF 2'010,"Bundesamt fur Energie BFE, Schweizerische Gesamtenergiestatistik 2020",,Table 43a
CHE,CountryData,GDP_per_capita,1993,,65899.97117,CHF 2'010,"Bundesamt fur Energie BFE, Schweizerische Gesamtenergiestatistik 2020",,Table 43a
CHE,CountryData,GDP_per_capita,1994,,66202.45925,CHF 2'010,"Bundesamt fur Energie BFE, Schweizerische Gesamtenergiestatistik 2020",,Table 43a
CHE,CountryData,GDP_per_capita,1995,,66076.69365,CHF 2'010,"Bundesamt fur Energie BFE, Schweizerische Gesamtenergiestatistik 2020",,Table 43a
CHE,CountryData,GDP_per_capita,1996,,66111.99095,CHF 2'010,"Bundesamt fur Energie BFE, Schweizerische Gesamtenergiestatistik 2020",,Table 43a
CHE,CountryData,GDP_per_capita,1997,,67450.13401,CHF 2'010,"Bundesamt fur Energie BFE, Schweizerische Gesamtenergiestatistik 2020",,Table 43a
CHE,CountryData,GDP_per_capita,1998,,69312.37693,CHF 2'010,"Bundesamt fur Energie BFE, Schweizerische Gesamtenergiestatistik 2020",,Table 43a
CHE,CountryData,GDP_per_capita,1999,,70186.59015,CHF 2'010,"Bundesamt fur Energie BFE, Schweizerische Gesamtenergiestatistik 2020",,Table 43a
CHE,CountryData,GDP_per_capita,2000,,72571.13029,CHF 2'010,"Bundesamt fur Energie BFE, Schweizerische Gesamtenergiestatistik 2020",,Table 43a
CHE,CountryData,GDP_per_capita,2001,,73276.18652,CHF 2'010,"Bundesamt fur Energie BFE, Schweizerische Gesamtenergiestatistik 2020",,Table 43a
CHE,CountryData,GDP_per_capita,2002,,72688.67536,CHF 2'010,"Bundesamt fur Energie BFE, Schweizerische Gesamtenergiestatistik 2020",,Table 43a
CHE,CountryData,GDP_per_capita,2003,,72120.0436,CHF 2'010,"Bundesamt fur Energie BFE, Schweizerische Gesamtenergiestatistik 2020",,Table 43a
CHE,CountryData,GDP_per_capita,2004,,73643.16644,CHF 2'010,"Bundesamt fur Energie BFE, Schweizerische Gesamtenergiestatistik 2020",,Table 43a
CHE,CountryData,GDP_per_capita,2005,,75287.21259,CHF 2'010,"Bundesamt fur Energie BFE, Schweizerische Gesamtenergiestatistik 2020",,Table 43a
CHE,CountryData,GDP_per_capita,2006,,77818.279,CHF 2'010,"Bundesamt fur Energie BFE, Schweizerische Gesamtenergiestatistik 2020",,Table 43a
CHE,CountryData,GDP_per_capita,2007,,80209.64111,CHF 2'010,"Bundesamt fur Energie BFE, Schweizerische Gesamtenergiestatistik 2020",,Table 43a
CHE,CountryData,GDP_per_capita,2008,,81374.47699,CHF 2'010,"Bundesamt fur Energie BFE, Schweizerische Gesamtenergiestatistik 2020",,Table 43a
CHE,CountryData,GDP_per_capita,2009,,78694.34401,CHF 2'010,"Bundesamt fur Energie BFE, Schweizerische Gesamtenergiestatistik 2020",,Table 43a
CHE,CountryData,GDP_per_capita,2010,,80424.92013,CHF 2'010,"Bundesamt fur Energie BFE, Schweizerische Gesamtenergiestatistik 2020",,Table 43a
CHE,CountryData,GDP_per_capita,2011,,81068.12437,CHF 2'010,"Bundesamt fur Energie BFE, Schweizerische Gesamtenergiestatistik 2020",,Table 43a
CHE,CountryData,GDP_per_capita,2012,,81182.69351,CHF 2'010,"Bundesamt fur Energie BFE, Schweizerische Gesamtenergiestatistik 2020",,Table 43a
CHE,CountryData,GDP_per_capita,2013,,81721.47361,CHF 2'010,"Bundesamt fur Energie BFE, Schweizerische Gesamtenergiestatistik 2020",,Table 43a
CHE,CountryData,GDP_per_capita,2014,,82698.74222,CHF 2'010,"Bundesamt fur Energie BFE, Schweizerische Gesamtenergiestatistik 2020",,Table 43a
CHE,CountryData,GDP_per_capita,2015,,83125.57353,CHF 2'010,"Bundesamt fur Energie BFE, Schweizerische Gesamtenergiestatistik 2020",,Table 43a
CHE,CountryData,GDP_per_capita,2016,,83903.73821,CHF 2'010,"Bundesamt fur Energie BFE, Schweizerische Gesamtenergiestatistik 2020",,Table 43a
CHE,CountryData,GDP_per_capita,2017,,84436.81969,CHF 2'010,"Bundesamt fur Energie BFE, Schweizerische Gesamtenergiestatistik 2020",,Table 43a
CHE,CountryData,GDP_per_capita,2018,,86347.89758,CHF 2'010,"Bundesamt fur Energie BFE, Schweizerische Gesamtenergiestatistik 2020",,Table 43a
CHE,CountryData,GDP_per_capita,2019,,86661.22449,CHF 2'010,"Bundesamt fur Energie BFE, Schweizerische Gesamtenergiestatistik 2020",,Table 43a
CHE,CountryData,PeakDem_fromzero_central,1990,,8536,MW,IEA Electricity statistics - Peak load,,
CHE,CountryData,PeakDem_fromzero_central,1991,,8655,MW,IEA Electricity statistics - Peak load,,
CHE,CountryData,PeakDem_fromzero_central,1992,,8479,MW,IEA Electricity statistics - Peak load,,
CHE,CountryData,PeakDem_fromzero_central,1993,,8563,MW,IEA Electricity statistics - Peak load,,
CHE,CountryData,PeakDem_fromzero_central,1994,,8410,MW,IEA Electricity statistics - Peak load,,
CHE,CountryData,PeakDem_fromzero_central,1995,,8634,MW,IEA Electricity statistics - Peak load,,
CHE,CountryData,PeakDem_fromzero_central,1996,,8452,MW,IEA Electricity statistics - Peak load,,
CHE,CountryData,PeakDem_fromzero_central,1997,,8577,MW,IEA Electricity statistics - Peak load,,
CHE,CountryData,PeakDem_fromzero_central,1998,,8793,MW,IEA Electricity statistics - Peak load,,
CHE,CountryData,PeakDem_fromzero_central,1999,,9099,MW,IEA Electricity statistics - Peak load,,
CHE,CountryData,PeakDem_fromzero_central,2000,,9027,MW,IEA Electricity statistics - Peak load,,
CHE,CountryData,PeakDem_fromzero_central,2001,,9400,MW,IEA Electricity statistics - Peak load,,
CHE,CountryData,PeakDem_fromzero_central,2002,,9601,MW,IEA Electricity statistics - Peak load,,
CHE,CountryData,PeakDem_fromzero_central,2003,,9592,MW,IEA Electricity statistics - Peak load,,
CHE,CountryData,PeakDem_fromzero_central,2004,,9656,MW,IEA Electricity statistics - Peak load,,
CHE,CountryData,PeakDem_fromzero_central,2005,,9783,MW,IEA Electricity statistics - Peak load,,
CHE,CountryData,PeakDem_fromzero_central,2006,,10181,MW,IEA Electricity statistics - Peak load,,
CHE,CountryData,PeakDem_fromzero_central,2007,,10045,MW,IEA Electricity statistics - Peak load,,
CHE,CountryData,PeakDem_fromzero_central,2008,,9938,MW,IEA Electricity statistics - Peak load,,
CHE,CountryData,PeakDem_fromzero_central,2009,,10249,MW,IEA Electricity statistics - Peak load,,
CHE,CountryData,PeakDem_fromzero_central,2010,,10749,MW,IEA Electricity statistics - Peak load,,
CHE,CountryData,PeakDem_fromzero_central,2011,,10072,MW,IEA Electricity statistics - Peak load,,
CHE,CountryData,PeakDem_fromzero_central,2012,,10688,MW,IEA Electricity statistics - Peak load,,
CHE,CountryData,PeakDem_fromzero_central,2013,,10296,MW,IEA Electricity statistics - Peak load,,
CHE,CountryData,PeakDem_fromzero_central,2014,,9998,MW,IEA Electricity statistics - Peak load,,
CHE,CountryData,PeakDem_fromzero_central,2015,,10423,MW,IEA Electricity statistics - Peak load,,
CHE,CountryData,PeakDem_fromzero_central,2016,,10390,MW,IEA Electricity statistics - Peak load,,
CHE,CountryData,PeakDem_fromzero_central,2017,,10935,MW,IEA Electricity statistics - Peak load,,
CHE,CountryData,PeakDem_fromzero_central,2018,,10249,MW,IEA Electricity statistics - Peak load,,
CHE,CountryData,PeakDem_fromzero_central,2019,,9803,MW,ENTSOE annual statistics,,
CHE,CountryData,Heat_revenue,1990,,36.77303263,USD2010/MWh,"Bundesamt fur Energie BFE, Schweizerische Gesamtenergiestatistik 2020",,"Indexed to OECD/NEA CHP heat credit estimate for OECD countries. Can be estimated with total end-use expenses for district heating (Table 42) / total supplied district heating (Table 26), 21.13 CHF2010/GJ in 2010"
CHE,CountryData,Heat_revenue,1991,,33.45430107,USD2010/MWh,"Bundesamt fur Energie BFE, Schweizerische Gesamtenergiestatistik 2020",,"Indexed to OECD/NEA CHP heat credit estimate for OECD countries. Can be estimated with total end-use expenses for district heating (Table 42) / total supplied district heating (Table 26), 21.13 CHF2010/GJ in 2010"
CHE,CountryData,Heat_revenue,1992,,33.78968253,USD2010/MWh,"Bundesamt fur Energie BFE, Schweizerische Gesamtenergiestatistik 2020",,"Indexed to OECD/NEA CHP heat credit estimate for OECD countries. Can be estimated with total end-use expenses for district heating (Table 42) / total supplied district heating (Table 26), 21.13 CHF2010/GJ in 2010"
CHE,CountryData,Heat_revenue,1993,,30.11494253,USD2010/MWh,"Bundesamt fur Energie BFE, Schweizerische Gesamtenergiestatistik 2020",,"Indexed to OECD/NEA CHP heat credit estimate for OECD countries. Can be estimated with total end-use expenses for district heating (Table 42) / total supplied district heating (Table 26), 21.13 CHF2010/GJ in 2010"
CHE,CountryData,Heat_revenue,1994,,28.30784574,USD2010/MWh,"Bundesamt fur Energie BFE, Schweizerische Gesamtenergiestatistik 2020",,"Indexed to OECD/NEA CHP heat credit estimate for OECD countries. Can be estimated with total end-use expenses for district heating (Table 42) / total supplied district heating (Table 26), 21.13 CHF2010/GJ in 2010"
CHE,CountryData,Heat_revenue,1995,,26.67606516,USD2010/MWh,"Bundesamt fur Energie BFE, Schweizerische Gesamtenergiestatistik 2020",,"Indexed to OECD/NEA CHP heat credit estimate for OECD countries. Can be estimated with total end-use expenses for district heating (Table 42) / total supplied district heating (Table 26), 21.13 CHF2010/GJ in 2010"
CHE,CountryData,Heat_revenue,1996,,28.99739583,USD2010/MWh,"Bundesamt fur Energie BFE, Schweizerische Gesamtenergiestatistik 2020",,"Indexed to OECD/NEA CHP heat credit estimate for OECD countries. Can be estimated with total end-use expenses for district heating (Table 42) / total supplied district heating (Table 26), 21.13 CHF2010/GJ in 2010"
CHE,CountryData,Heat_revenue,1997,,29.52041601,USD2010/MWh,"Bundesamt fur Energie BFE, Schweizerische Gesamtenergiestatistik 2020",,"Indexed to OECD/NEA CHP heat credit estimate for OECD countries. Can be estimated with total end-use expenses for district heating (Table 42) / total supplied district heating (Table 26), 21.13 CHF2010/GJ in 2010"
CHE,CountryData,Heat_revenue,1998,,30.52547169,USD2010/MWh,"Bundesamt fur Energie BFE, Schweizerische Gesamtenergiestatistik 2020",,"Indexed to OECD/NEA CHP heat credit estimate for OECD countries. Can be estimated with total end-use expenses for district heating (Table 42) / total supplied district heating (Table 26), 21.13 CHF2010/GJ in 2010"
CHE,CountryData,Heat_revenue,1999,,35.45230885,USD2010/MWh,"Bundesamt fur Energie BFE, Schweizerische Gesamtenergiestatistik 2020",,"Indexed to OECD/NEA CHP heat credit estimate for OECD countries. Can be estimated with total end-use expenses for district heating (Table 42) / total supplied district heating (Table 26), 21.13 CHF2010/GJ in 2010"
CHE,CountryData,Heat_revenue,2000,,35.53300454,USD2010/MWh,"Bundesamt fur Energie BFE, Schweizerische Gesamtenergiestatistik 2020",,"Indexed to OECD/NEA CHP heat credit estimate for OECD countries. Can be estimated with total end-use expenses for district heating (Table 42) / total supplied district heating (Table 26), 21.13 CHF2010/GJ in 2010"
CHE,CountryData,Heat_revenue,2001,,38.2868705,USD2010/MWh,"Bundesamt fur Energie BFE, Schweizerische Gesamtenergiestatistik 2020",,"Indexed to OECD/NEA CHP heat credit estimate for OECD countries. Can be estimated with total end-use expenses for district heating (Table 42) / total supplied district heating (Table 26), 21.13 CHF2010/GJ in 2010"
CHE,CountryData,Heat_revenue,2002,,37.95916546,USD2010/MWh,"Bundesamt fur Energie BFE, Schweizerische Gesamtenergiestatistik 2020",,"Indexed to OECD/NEA CHP heat credit estimate for OECD countries. Can be estimated with total end-use expenses for district heating (Table 42) / total supplied district heating (Table 26), 21.13 CHF2010/GJ in 2010"
CHE,CountryData,Heat_revenue,2003,,39.3942769,USD2010/MWh,"Bundesamt fur Energie BFE, Schweizerische Gesamtenergiestatistik 2020",,"Indexed to OECD/NEA CHP heat credit estimate for OECD countries. Can be estimated with total end-use expenses for district heating (Table 42) / total supplied district heating (Table 26), 21.13 CHF2010/GJ in 2010"
CHE,CountryData,Heat_revenue,2004,,38.91418415,USD2010/MWh,"Bundesamt fur Energie BFE, Schweizerische Gesamtenergiestatistik 2020",,"Indexed to OECD/NEA CHP heat credit estimate for OECD countries. Can be estimated with total end-use expenses for district heating (Table 42) / total supplied district heating (Table 26), 21.13 CHF2010/GJ in 2010"
CHE,CountryData,Heat_revenue,2005,,41.90452755,USD2010/MWh,"Bundesamt fur Energie BFE, Schweizerische Gesamtenergiestatistik 2020",,"Indexed to OECD/NEA CHP heat credit estimate for OECD countries. Can be estimated with total end-use expenses for district heating (Table 42) / total supplied district heating (Table 26), 21.13 CHF2010/GJ in 2010"
CHE,CountryData,Heat_revenue,2006,,40.625,USD2010/MWh,"Bundesamt fur Energie BFE, Schweizerische Gesamtenergiestatistik 2020",,"Indexed to OECD/NEA CHP heat credit estimate for OECD countries. Can be estimated with total end-use expenses for district heating (Table 42) / total supplied district heating (Table 26), 21.13 CHF2010/GJ in 2010"
CHE,CountryData,Heat_revenue,2007,,43.53271983,USD2010/MWh,"Bundesamt fur Energie BFE, Schweizerische Gesamtenergiestatistik 2020",,"Indexed to OECD/NEA CHP heat credit estimate for OECD countries. Can be estimated with total end-use expenses for district heating (Table 42) / total supplied district heating (Table 26), 21.13 CHF2010/GJ in 2010"
CHE,CountryData,Heat_revenue,2008,,51.61451507,USD2010/MWh,"Bundesamt fur Energie BFE, Schweizerische Gesamtenergiestatistik 2020",,"Indexed to OECD/NEA CHP heat credit estimate for OECD countries. Can be estimated with total end-use expenses for district heating (Table 42) / total supplied district heating (Table 26), 21.13 CHF2010/GJ in 2010"
CHE,CountryData,Heat_revenue,2009,,47.86871693,USD2010/MWh,"Bundesamt fur Energie BFE, Schweizerische Gesamtenergiestatistik 2020",,"Indexed to OECD/NEA CHP heat credit estimate for OECD countries. Can be estimated with total end-use expenses for district heating (Table 42) / total supplied district heating (Table 26), 21.13 CHF2010/GJ in 2010"
CHE,CountryData,Heat_revenue,2010,,45,USD2010/MWh,"Bundesamt fur Energie BFE, Schweizerische Gesamtenergiestatistik 2020",,"Indexed to OECD/NEA CHP heat credit estimate for OECD countries. Can be estimated with total end-use expenses for district heating (Table 42) / total supplied district heating (Table 26), 21.13 CHF2010/GJ in 2010"
CHE,CountryData,Heat_revenue,2011,,47.57742655,USD2010/MWh,"Bundesamt fur Energie BFE, Schweizerische Gesamtenergiestatistik 2020",,"Indexed to OECD/NEA CHP heat credit estimate for OECD countries. Can be estimated with total end-use expenses for district heating (Table 42) / total supplied district heating (Table 26), 21.13 CHF2010/GJ in 2010"
CHE,CountryData,Heat_revenue,2012,,48.58408407,USD2010/MWh,"Bundesamt fur Energie BFE, Schweizerische Gesamtenergiestatistik 2020",,"Indexed to OECD/NEA CHP heat credit estimate for OECD countries. Can be estimated with total end-use expenses for district heating (Table 42) / total supplied district heating (Table 26), 21.13 CHF2010/GJ in 2010"
CHE,CountryData,Heat_revenue,2013,,48.32576618,USD2010/MWh,"Bundesamt fur Energie BFE, Schweizerische Gesamtenergiestatistik 2020",,"Indexed to OECD/NEA CHP heat credit estimate for OECD countries. Can be estimated with total end-use expenses for district heating (Table 42) / total supplied district heating (Table 26), 21.13 CHF2010/GJ in 2010"
CHE,CountryData,Heat_revenue,2014,,47.80723642,USD2010/MWh,"Bundesamt fur Energie BFE, Schweizerische Gesamtenergiestatistik 2020",,"Indexed to OECD/NEA CHP heat credit estimate for OECD countries. Can be estimated with total end-use expenses for district heating (Table 42) / total supplied district heating (Table 26), 21.13 CHF2010/GJ in 2010"
CHE,CountryData,Heat_revenue,2015,,48.03453493,USD2010/MWh,"Bundesamt fur Energie BFE, Schweizerische Gesamtenergiestatistik 2020",,"Indexed to OECD/NEA CHP heat credit estimate for OECD countries. Can be estimated with total end-use expenses for district heating (Table 42) / total supplied district heating (Table 26), 21.13 CHF2010/GJ in 2010"
CHE,CountryData,Heat_revenue,2016,,48.40568475,USD2010/MWh,"Bundesamt fur Energie BFE, Schweizerische Gesamtenergiestatistik 2020",,"Indexed to OECD/NEA CHP heat credit estimate for OECD countries. Can be estimated with total end-use expenses for district heating (Table 42) / total supplied district heating (Table 26), 21.13 CHF2010/GJ in 2010"
CHE,CountryData,Heat_revenue,2017,,48.35625946,USD2010/MWh,"Bundesamt fur Energie BFE, Schweizerische Gesamtenergiestatistik 2020",,"Indexed to OECD/NEA CHP heat credit estimate for OECD countries. Can be estimated with total end-use expenses for district heating (Table 42) / total supplied district heating (Table 26), 21.13 CHF2010/GJ in 2010"
CHE,CountryData,Heat_revenue,2018,,50.52760577,USD2010/MWh,"Bundesamt fur Energie BFE, Schweizerische Gesamtenergiestatistik 2020",,"Indexed to OECD/NEA CHP heat credit estimate for OECD countries. Can be estimated with total end-use expenses for district heating (Table 42) / total supplied district heating (Table 26), 21.13 CHF2010/GJ in 2010"
CHE,CountryData,Heat_revenue,2019,,49.39095127,USD2010/MWh,"Bundesamt fur Energie BFE, Schweizerische Gesamtenergiestatistik 2020",,"Indexed to OECD/NEA CHP heat credit estimate for OECD countries. Can be estimated with total end-use expenses for district heating (Table 42) / total supplied district heating (Table 26), 21.13 CHF2010/GJ in 2010"
CHE,CountryData,Population,1990,,6712000,,"Bundesamt fur Energie BFE, Schweizerische Gesamtenergiestatistik 2020",,Table 43a
CHE,CountryData,Population,1991,,6800000,,"Bundesamt fur Energie BFE, Schweizerische Gesamtenergiestatistik 2020",,Table 43a
CHE,CountryData,Population,1992,,6875000,,"Bundesamt fur Energie BFE, Schweizerische Gesamtenergiestatistik 2020",,Table 43a
CHE,CountryData,Population,1993,,6938000,,"Bundesamt fur Energie BFE, Schweizerische Gesamtenergiestatistik 2020",,Table 43a
CHE,CountryData,Population,1994,,6994000,,"Bundesamt fur Energie BFE, Schweizerische Gesamtenergiestatistik 2020",,Table 43a
CHE,CountryData,Population,1995,,7041000,,"Bundesamt fur Energie BFE, Schweizerische Gesamtenergiestatistik 2020",,Table 43a
CHE,CountryData,Population,1996,,7072000,,"Bundesamt fur Energie BFE, Schweizerische Gesamtenergiestatistik 2020",,Table 43a
CHE,CountryData,Population,1997,,7089000,,"Bundesamt fur Energie BFE, Schweizerische Gesamtenergiestatistik 2020",,Table 43a
CHE,CountryData,Population,1998,,7110000,,"Bundesamt fur Energie BFE, Schweizerische Gesamtenergiestatistik 2020",,Table 43a
CHE,CountryData,Population,1999,,7144000,,"Bundesamt fur Energie BFE, Schweizerische Gesamtenergiestatistik 2020",,Table 43a
CHE,CountryData,Population,2000,,7184000,,"Bundesamt fur Energie BFE, Schweizerische Gesamtenergiestatistik 2020",,Table 43a
CHE,CountryData,Population,2001,,7227000,,"Bundesamt fur Energie BFE, Schweizerische Gesamtenergiestatistik 2020",,Table 43a
CHE,CountryData,Population,2002,,7285000,,"Bundesamt fur Energie BFE, Schweizerische Gesamtenergiestatistik 2020",,Table 43a
CHE,CountryData,Population,2003,,7339000,,"Bundesamt fur Energie BFE, Schweizerische Gesamtenergiestatistik 2020",,Table 43a
CHE,CountryData,Population,2004,,7390000,,"Bundesamt fur Energie BFE, Schweizerische Gesamtenergiestatistik 2020",,Table 43a
CHE,CountryData,Population,2005,,7437000,,"Bundesamt fur Energie BFE, Schweizerische Gesamtenergiestatistik 2020",,Table 43a
CHE,CountryData,Population,2006,,7484000,,"Bundesamt fur Energie BFE, Schweizerische Gesamtenergiestatistik 2020",,Table 43a
CHE,CountryData,Population,2007,,7551000,,"Bundesamt fur Energie BFE, Schweizerische Gesamtenergiestatistik 2020",,Table 43a
CHE,CountryData,Population,2008,,7648000,,"Bundesamt fur Energie BFE, Schweizerische Gesamtenergiestatistik 2020",,Table 43a
CHE,CountryData,Population,2009,,7744000,,"Bundesamt fur Energie BFE, Schweizerische Gesamtenergiestatistik 2020",,Table 43a
CHE,CountryData,Population,2010,,7825000,,"Bundesamt fur Energie BFE, Schweizerische Gesamtenergiestatistik 2020",,Table 43a
CHE,CountryData,Population,2011,,7912000,,"Bundesamt fur Energie BFE, Schweizerische Gesamtenergiestatistik 2020",,Table 43a
CHE,CountryData,Population,2012,,7997000,,"Bundesamt fur Energie BFE, Schweizerische Gesamtenergiestatistik 2020",,Table 43a
CHE,CountryData,Population,2013,,8089000,,"Bundesamt fur Energie BFE, Schweizerische Gesamtenergiestatistik 2020",,Table 43a
CHE,CountryData,Population,2014,,8189000,,"Bundesamt fur Energie BFE, Schweizerische Gesamtenergiestatistik 2020",,Table 43a
CHE,CountryData,Population,2015,,8282000,,"Bundesamt fur Energie BFE, Schweizerische Gesamtenergiestatistik 2020",,Table 43a
CHE,CountryData,Population,2016,,8373000,,"Bundesamt fur Energie BFE, Schweizerische Gesamtenergiestatistik 2020",,Table 43a
CHE,CountryData,Population,2017,,8452000,,"Bundesamt fur Energie BFE, Schweizerische Gesamtenergiestatistik 2020",,Table 43a
CHE,CountryData,Population,2018,,8514000,,"Bundesamt fur Energie BFE, Schweizerische Gesamtenergiestatistik 2020",,Table 43a
CHE,CountryData,Population,2019,,8575000,,"Bundesamt fur Energie BFE, Schweizerische Gesamtenergiestatistik 2020",,Table 43a
CHE,CountryData,Actual_import,1990,,22799,GWh,"Bundesamt fur Energie BFE, Schweizerische Gesamtenergiestatistik 2020",,Table 6
CHE,CountryData,Actual_import,1991,,24005,GWh,"Bundesamt fur Energie BFE, Schweizerische Gesamtenergiestatistik 2020",,Table 6
CHE,CountryData,Actual_import,1992,,21757,GWh,"Bundesamt fur Energie BFE, Schweizerische Gesamtenergiestatistik 2020",,Table 6
CHE,CountryData,Actual_import,1993,,23854,GWh,"Bundesamt fur Energie BFE, Schweizerische Gesamtenergiestatistik 2020",,Table 6
CHE,CountryData,Actual_import,1994,,22723,GWh,"Bundesamt fur Energie BFE, Schweizerische Gesamtenergiestatistik 2020",,Table 6
CHE,CountryData,Actual_import,1995,,28948,GWh,"Bundesamt fur Energie BFE, Schweizerische Gesamtenergiestatistik 2020",,Table 6
CHE,CountryData,Actual_import,1996,,33485,GWh,"Bundesamt fur Energie BFE, Schweizerische Gesamtenergiestatistik 2020",,Table 6
CHE,CountryData,Actual_import,1997,,30655,GWh,"Bundesamt fur Energie BFE, Schweizerische Gesamtenergiestatistik 2020",,Table 6
CHE,CountryData,Actual_import,1998,,37419,GWh,"Bundesamt fur Energie BFE, Schweizerische Gesamtenergiestatistik 2020",,Table 6
CHE,CountryData,Actual_import,1999,,37064,GWh,"Bundesamt fur Energie BFE, Schweizerische Gesamtenergiestatistik 2020",,Table 6
CHE,CountryData,Actual_import,2000,,24330,GWh,"Bundesamt fur Energie BFE, Schweizerische Gesamtenergiestatistik 2020",,Table 6
CHE,CountryData,Actual_import,2001,,24096,GWh,"Bundesamt fur Energie BFE, Schweizerische Gesamtenergiestatistik 2020",,Table 6
CHE,CountryData,Actual_import,2002,,27800,GWh,"Bundesamt fur Energie BFE, Schweizerische Gesamtenergiestatistik 2020",,Table 6
CHE,CountryData,Actual_import,2003,,30084,GWh,"Bundesamt fur Energie BFE, Schweizerische Gesamtenergiestatistik 2020",,Table 6
CHE,CountryData,Actual_import,2004,,27056,GWh,"Bundesamt fur Energie BFE, Schweizerische Gesamtenergiestatistik 2020",,Table 6
CHE,CountryData,Actual_import,2005,,38346,GWh,"Bundesamt fur Energie BFE, Schweizerische Gesamtenergiestatistik 2020",,Table 6
CHE,CountryData,Actual_import,2006,,33803,GWh,"Bundesamt fur Energie BFE, Schweizerische Gesamtenergiestatistik 2020",,Table 6
CHE,CountryData,Actual_import,2007,,34818,GWh,"Bundesamt fur Energie BFE, Schweizerische Gesamtenergiestatistik 2020",,Table 6
CHE,CountryData,Actual_import,2008,,31601,GWh,"Bundesamt fur Energie BFE, Schweizerische Gesamtenergiestatistik 2020",,Table 6
CHE,CountryData,Actual_import,2009,,31368,GWh,"Bundesamt fur Energie BFE, Schweizerische Gesamtenergiestatistik 2020",,Table 6
CHE,CountryData,Actual_import,2010,,33401,GWh,"Bundesamt fur Energie BFE, Schweizerische Gesamtenergiestatistik 2020",,Table 6
CHE,CountryData,Actual_import,2011,,34824,GWh,"Bundesamt fur Energie BFE, Schweizerische Gesamtenergiestatistik 2020",,Table 6
CHE,CountryData,Actual_import,2012,,31549,GWh,"Bundesamt fur Energie BFE, Schweizerische Gesamtenergiestatistik 2020",,Table 6
CHE,CountryData,Actual_import,2013,,29874,GWh,"Bundesamt fur Energie BFE, Schweizerische Gesamtenergiestatistik 2020",,Table 6
CHE,CountryData,Actual_import,2014,,28530,GWh,"Bundesamt fur Energie BFE, Schweizerische Gesamtenergiestatistik 2020",,Table 6
CHE,CountryData,Actual_import,2015,,34033,GWh,"Bundesamt fur Energie BFE, Schweizerische Gesamtenergiestatistik 2020",,Table 6
CHE,CountryData,Actual_import,2016,,34096,GWh,"Bundesamt fur Energie BFE, Schweizerische Gesamtenergiestatistik 2020",,Table 6
CHE,CountryData,Actual_import,2017,,36496,GWh,"Bundesamt fur Energie BFE, Schweizerische Gesamtenergiestatistik 2020",,Table 6
CHE,CountryData,Actual_import,2018,,31020,GWh,"Bundesamt fur Energie BFE, Schweizerische Gesamtenergiestatistik 2020",,Table 6
CHE,CountryData,Actual_import,2019,,29505,GWh,"Bundesamt fur Energie BFE, Schweizerische Gesamtenergiestatistik 2020",,Table 6
CHE,CountryData,Actual_export,1990,,24907,GWh,"Bundesamt fur Energie BFE, Schweizerische Gesamtenergiestatistik 2020",,Table 7
CHE,CountryData,Actual_export,1991,,26801,GWh,"Bundesamt fur Energie BFE, Schweizerische Gesamtenergiestatistik 2020",,Table 7
CHE,CountryData,Actual_export,1992,,26046,GWh,"Bundesamt fur Energie BFE, Schweizerische Gesamtenergiestatistik 2020",,Table 7
CHE,CountryData,Actual_export,1993,,31053,GWh,"Bundesamt fur Energie BFE, Schweizerische Gesamtenergiestatistik 2020",,Table 7
CHE,CountryData,Actual_export,1994,,34566,GWh,"Bundesamt fur Energie BFE, Schweizerische Gesamtenergiestatistik 2020",,Table 7
CHE,CountryData,Actual_export,1995,,36219,GWh,"Bundesamt fur Energie BFE, Schweizerische Gesamtenergiestatistik 2020",,Table 7
CHE,CountryData,Actual_export,1996,,34431,GWh,"Bundesamt fur Energie BFE, Schweizerische Gesamtenergiestatistik 2020",,Table 7
CHE,CountryData,Actual_export,1997,,37409,GWh,"Bundesamt fur Energie BFE, Schweizerische Gesamtenergiestatistik 2020",,Table 7
CHE,CountryData,Actual_export,1998,,43373,GWh,"Bundesamt fur Energie BFE, Schweizerische Gesamtenergiestatistik 2020",,Table 7
CHE,CountryData,Actual_export,1999,,47293,GWh,"Bundesamt fur Energie BFE, Schweizerische Gesamtenergiestatistik 2020",,Table 7
CHE,CountryData,Actual_export,2000,,31400,GWh,"Bundesamt fur Energie BFE, Schweizerische Gesamtenergiestatistik 2020",,Table 7
CHE,CountryData,Actual_export,2001,,34540,GWh,"Bundesamt fur Energie BFE, Schweizerische Gesamtenergiestatistik 2020",,Table 7
CHE,CountryData,Actual_export,2002,,32308,GWh,"Bundesamt fur Energie BFE, Schweizerische Gesamtenergiestatistik 2020",,Table 7
CHE,CountryData,Actual_export,2003,,33196,GWh,"Bundesamt fur Energie BFE, Schweizerische Gesamtenergiestatistik 2020",,Table 7
CHE,CountryData,Actual_export,2004,,27759,GWh,"Bundesamt fur Energie BFE, Schweizerische Gesamtenergiestatistik 2020",,Table 7
CHE,CountryData,Actual_export,2005,,31996,GWh,"Bundesamt fur Energie BFE, Schweizerische Gesamtenergiestatistik 2020",,Table 7
CHE,CountryData,Actual_export,2006,,31100,GWh,"Bundesamt fur Energie BFE, Schweizerische Gesamtenergiestatistik 2020",,Table 7
CHE,CountryData,Actual_export,2007,,36880,GWh,"Bundesamt fur Energie BFE, Schweizerische Gesamtenergiestatistik 2020",,Table 7
CHE,CountryData,Actual_export,2008,,32736,GWh,"Bundesamt fur Energie BFE, Schweizerische Gesamtenergiestatistik 2020",,Table 7
CHE,CountryData,Actual_export,2009,,33525,GWh,"Bundesamt fur Energie BFE, Schweizerische Gesamtenergiestatistik 2020",,Table 7
CHE,CountryData,Actual_export,2010,,32881,GWh,"Bundesamt fur Energie BFE, Schweizerische Gesamtenergiestatistik 2020",,Table 7
CHE,CountryData,Actual_export,2011,,32237,GWh,"Bundesamt fur Energie BFE, Schweizerische Gesamtenergiestatistik 2020",,Table 7
CHE,CountryData,Actual_export,2012,,33749,GWh,"Bundesamt fur Energie BFE, Schweizerische Gesamtenergiestatistik 2020",,Table 7
CHE,CountryData,Actual_export,2013,,32270,GWh,"Bundesamt fur Energie BFE, Schweizerische Gesamtenergiestatistik 2020",,Table 7
CHE,CountryData,Actual_export,2014,,34021,GWh,"Bundesamt fur Energie BFE, Schweizerische Gesamtenergiestatistik 2020",,Table 7
CHE,CountryData,Actual_export,2015,,35068,GWh,"Bundesamt fur Energie BFE, Schweizerische Gesamtenergiestatistik 2020",,Table 7
CHE,CountryData,Actual_export,2016,,30173,GWh,"Bundesamt fur Energie BFE, Schweizerische Gesamtenergiestatistik 2020",,Table 7
CHE,CountryData,Actual_export,2017,,30946,GWh,"Bundesamt fur Energie BFE, Schweizerische Gesamtenergiestatistik 2020",,Table 7
CHE,CountryData,Actual_export,2018,,32607,GWh,"Bundesamt fur Energie BFE, Schweizerische Gesamtenergiestatistik 2020",,Table 7
CHE,CountryData,Actual_export,2019,,35765,GWh,"Bundesamt fur Energie BFE, Schweizerische Gesamtenergiestatistik 2020",,Table 7
CHE,CountryData,Distribution_losses,1990,,3693,GWh,"Bundesamt fur Energie BFE, Schweizerische Gesamtenergiestatistik 2020",,Table 25
CHE,CountryData,Distribution_losses,1991,,3750,GWh,"Bundesamt fur Energie BFE, Schweizerische Gesamtenergiestatistik 2020",,Table 25
CHE,CountryData,Distribution_losses,1992,,3755,GWh,"Bundesamt fur Energie BFE, Schweizerische Gesamtenergiestatistik 2020",,Table 25
CHE,CountryData,Distribution_losses,1993,,3689,GWh,"Bundesamt fur Energie BFE, Schweizerische Gesamtenergiestatistik 2020",,Table 25
CHE,CountryData,Distribution_losses,1994,,3650,GWh,"Bundesamt fur Energie BFE, Schweizerische Gesamtenergiestatistik 2020",,Table 25
CHE,CountryData,Distribution_losses,1995,,3685,GWh,"Bundesamt fur Energie BFE, Schweizerische Gesamtenergiestatistik 2020",,Table 25
CHE,CountryData,Distribution_losses,1996,,3728,GWh,"Bundesamt fur Energie BFE, Schweizerische Gesamtenergiestatistik 2020",,Table 25
CHE,CountryData,Distribution_losses,1997,,3715,GWh,"Bundesamt fur Energie BFE, Schweizerische Gesamtenergiestatistik 2020",,Table 25
CHE,CountryData,Distribution_losses,1998,,3754,GWh,"Bundesamt fur Energie BFE, Schweizerische Gesamtenergiestatistik 2020",,Table 25
CHE,CountryData,Distribution_losses,1999,,3843,GWh,"Bundesamt fur Energie BFE, Schweizerische Gesamtenergiestatistik 2020",,Table 25
CHE,CountryData,Distribution_losses,2000,,3931,GWh,"Bundesamt fur Energie BFE, Schweizerische Gesamtenergiestatistik 2020",,Table 25
CHE,CountryData,Distribution_losses,2001,,4034,GWh,"Bundesamt fur Energie BFE, Schweizerische Gesamtenergiestatistik 2020",,Table 25
CHE,CountryData,Distribution_losses,2002,,4056,GWh,"Bundesamt fur Energie BFE, Schweizerische Gesamtenergiestatistik 2020",,Table 25
CHE,CountryData,Distribution_losses,2003,,4139,GWh,"Bundesamt fur Energie BFE, Schweizerische Gesamtenergiestatistik 2020",,Table 25
CHE,CountryData,Distribution_losses,2004,,4216,GWh,"Bundesamt fur Energie BFE, Schweizerische Gesamtenergiestatistik 2020",,Table 25
CHE,CountryData,Distribution_losses,2005,,4307,GWh,"Bundesamt fur Energie BFE, Schweizerische Gesamtenergiestatistik 2020",,Table 25
CHE,CountryData,Distribution_losses,2006,,4342,GWh,"Bundesamt fur Energie BFE, Schweizerische Gesamtenergiestatistik 2020",,Table 25
CHE,CountryData,Distribution_losses,2007,,4318,GWh,"Bundesamt fur Energie BFE, Schweizerische Gesamtenergiestatistik 2020",,Table 25
CHE,CountryData,Distribution_losses,2008,,4418,GWh,"Bundesamt fur Energie BFE, Schweizerische Gesamtenergiestatistik 2020",,Table 25
CHE,CountryData,Distribution_losses,2009,,4320,GWh,"Bundesamt fur Energie BFE, Schweizerische Gesamtenergiestatistik 2020",,Table 25
CHE,CountryData,Distribution_losses,2010,,4493,GWh,"Bundesamt fur Energie BFE, Schweizerische Gesamtenergiestatistik 2020",,Table 25
CHE,CountryData,Distribution_losses,2011,,4403,GWh,"Bundesamt fur Energie BFE, Schweizerische Gesamtenergiestatistik 2020",,Table 25
CHE,CountryData,Distribution_losses,2012,,4435,GWh,"Bundesamt fur Energie BFE, Schweizerische Gesamtenergiestatistik 2020",,Table 25
CHE,CountryData,Distribution_losses,2013,,4461,GWh,"Bundesamt fur Energie BFE, Schweizerische Gesamtenergiestatistik 2020",,Table 25
CHE,CountryData,Distribution_losses,2014,,4321,GWh,"Bundesamt fur Energie BFE, Schweizerische Gesamtenergiestatistik 2020",,Table 25
CHE,CountryData,Distribution_losses,2015,,4380,GWh,"Bundesamt fur Energie BFE, Schweizerische Gesamtenergiestatistik 2020",,Table 25
CHE,CountryData,Distribution_losses,2016,,4378,GWh,"Bundesamt fur Energie BFE, Schweizerische Gesamtenergiestatistik 2020",,Table 25
CHE,CountryData,Distribution_losses,2017,,4394,GWh,"Bundesamt fur Energie BFE, Schweizerische Gesamtenergiestatistik 2020",,Table 25
CHE,CountryData,Distribution_losses,2018,,4337,GWh,"Bundesamt fur Energie BFE, Schweizerische Gesamtenergiestatistik 2020",,Table 25
CHE,CountryData,Distribution_losses,2019,,4303,GWh,"Bundesamt fur Energie BFE, Schweizerische Gesamtenergiestatistik 2020",,Table 25